municipio,estado,bioma,latitude,longitude,data,ano_mes,mes,dia_semana,temperatura_media,umidade_media,precipitacao,vento_medio,ndvi_medio,focos_calor,frp_total,frp_medio,fonte_focos,score_risco,classe_risco
Apui,AM,Amazonia,-7.1941,-59.8913,2026-05-07,2026-05,5,3,25.5,87,1.6,3.7,0.7404,0.0,0.0,0.0,SIMULADO_CLIMATICO,0.3988,baixo
Apui,AM,Amazonia,-7.1941,-59.8913,2026-05-08,2026-05,5,4,25.6,87,3.6,4.8,0.7404,0.0,0.0,0.0,SIMULADO_CLIMATICO,0.403,baixo
Apui,AM,Amazonia,-7.1941,-59.8913,2026-05-09,2026-05,5,5,26.2,85,0.9,4.8,0.7404,1.0,12.5,12.5,SIMULADO_CLIMATICO,0.4446,medio
Apui,AM,Amazonia,-7.1941,-59.8913,2026-05-10,2026-05,5,6,25.6,86,10.1,8.7,0.7404,1.0,12.5,12.5,SIMULADO_CLIMATICO,0.4451,medio
Apui,AM,Amazonia,-7.1941,-59.8913,2026-05-11,2026-05,5,0,24.9,81,0.2,11.1,0.7404,1.0,12.5,12.5,SIMULADO_CLIMATICO,0.4947,alto
Apui,AM,Amazonia,-7.1941,-59.8913,2026-05-12,2026-05,5,1,25.2,83,9.1,6.1,0.7404,0.0,0.0,0.0,SIMULADO_CLIMATICO,0.4041,baixo
Apui,AM,Amazonia,-7.1941,-59.8913,2026-05-13,2026-05,5,2,24.2,96,13.2,2.7,0.7404,0.0,0.0,0.0,SIMULADO_CLIMATICO,0.3333,baixo
Apui,AM,Amazonia,-7.1941,-59.8913,2026-05-14,2026-05,5,3,25.5,91,2.0,2.6,0.7404,0.0,0.0,0.0,SIMULADO_CLIMATICO,0.3811,baixo
Apui,AM,Amazonia,-7.1941,-59.8913,2026-05-15,2026-05,5,4,25.3,92,12.7,4.5,0.7404,0.0,0.0,0.0,SIMULADO_CLIMATICO,0.3648,baixo
Apui,AM,Amazonia,-7.1941,-59.8913,2026-05-16,2026-05,5,5,25.8,89,1.4,3.3,0.7404,0.0,0.0,0.0,SIMULADO_CLIMATICO,0.3943,baixo
Apui,AM,Amazonia,-7.1941,-59.8913,2026-05-17,2026-05,5,6,25.7,92,7.3,4.4,0.7404,0.0,0.0,0.0,SIMULADO_CLIMATICO,0.381,baixo
Apui,AM,Amazonia,-7.1941,-59.8913,2026-05-18,2026-05,5,0,25.9,90,9.4,6.1,0.7404,0.0,0.0,0.0,SIMULADO_CLIMATICO,0.3944,baixo
Apui,AM,Amazonia,-7.1941,-59.8913,2026-05-19,2026-05,5,1,25.0,91,10.9,7.3,0.7404,0.0,0.0,0.0,SIMULADO_CLIMATICO,0.3914,baixo
Apui,AM,Amazonia,-7.1941,-59.8913,2026-05-20,2026-05,5,2,25.4,82,0.4,10.5,0.7404,5.0,62.5,12.5,SIMULADO_CLIMATICO,0.596,alto
Apui,AM,Amazonia,-7.1941,-59.8913,2026-05-21,2026-05,5,3,25.5,80,0.3,10.1,0.7404,3.0,37.5,12.5,SIMULADO_CLIMATICO,0.5454,alto
Apui,AM,Amazonia,-7.1941,-59.8913,2026-05-22,2026-05,5,4,25.1,81,0.5,10.8,0.7404,2.0,25.0,12.5,SIMULADO_CLIMATICO,0.5193,alto
Apui,AM,Amazonia,-7.1941,-59.8913,2026-05-23,2026-05,5,5,24.7,83,0.9,9.3,0.7404,2.0,25.0,12.5,SIMULADO_CLIMATICO,0.4995,alto
Apui,AM,Amazonia,-7.1941,-59.8913,2026-05-24,2026-05,5,6,25.3,84,0.7,6.4,0.7404,2.0,25.0,12.5,SIMULADO_CLIMATICO,0.4795,alto
Apui,AM,Amazonia,-7.1941,-59.8913,2026-05-25,2026-05,5,0,26.0,87,2.7,4.8,0.7404,0.0,0.0,0.0,SIMULADO_CLIMATICO,0.4083,baixo
Apui,AM,Amazonia,-7.1941,-59.8913,2026-05-26,2026-05,5,1,26.7,79,0.5,7.3,0.7404,4.0,50.0,12.5,SIMULADO_CLIMATICO,0.5597,alto
Apui,AM,Amazonia,-7.1941,-59.8913,2026-05-27,2026-05,5,2,26.8,73,0.0,7.8,0.7404,5.0,62.5,12.5,SIMULADO_CLIMATICO,0.6039,alto
Apui,AM,Amazonia,-7.1941,-59.8913,2026-05-28,2026-05,5,3,26.6,74,0.0,5.3,0.7404,2.0,25.0,12.5,SIMULADO_CLIMATICO,0.502,alto
Apui,AM,Amazonia,-7.1941,-59.8913,2026-05-29,2026-05,5,4,26.8,74,0.0,6.1,0.7404,4.0,50.0,12.5,SIMULADO_CLIMATICO,0.5622,alto
Apui,AM,Amazonia,-7.1941,-59.8913,2026-05-30,2026-05,5,5,27.5,73,0.7,7.3,0.7404,3.0,37.5,12.5,SIMULADO_CLIMATICO,0.5507,alto
Apui,AM,Amazonia,-7.1941,-59.8913,2026-05-31,2026-05,5,6,27.1,76,0.1,6.5,0.7404,2.0,25.0,12.5,SIMULADO_CLIMATICO,0.5109,alto
Apui,AM,Amazonia,-7.1941,-59.8913,2026-06-01,2026-06,6,0,26.1,83,0.4,3.5,0.6155,2.0,25.0,12.5,SIMULADO_CLIMATICO,0.4714,alto
Apui,AM,Amazonia,-7.1941,-59.8913,2026-06-02,2026-06,6,1,26.9,78,0.1,5.3,0.6155,0.0,0.0,0.0,SIMULADO_CLIMATICO,0.4497,medio
Apui,AM,Amazonia,-7.1941,-59.8913,2026-06-03,2026-06,6,2,26.6,77,0.2,7.8,0.6155,2.0,25.0,12.5,SIMULADO_CLIMATICO,0.5215,alto
Apui,AM,Amazonia,-7.1941,-59.8913,2026-06-04,2026-06,6,3,25.9,80,8.8,6.9,0.6155,0.0,0.0,0.0,SIMULADO_CLIMATICO,0.4285,medio
Apui,AM,Amazonia,-7.1941,-59.8913,2026-06-05,2026-06,6,4,26.4,83,18.4,5.1,0.6155,0.0,0.0,0.0,SIMULADO_CLIMATICO,0.387,baixo
Apui,AM,Amazonia,-7.1941,-59.8913,2026-06-06,2026-06,6,5,25.5,90,5.7,3.4,0.6155,0.0,0.0,0.0,SIMULADO_CLIMATICO,0.386,baixo
Labrea,AM,Amazonia,-7.2586,-64.7981,2026-05-07,2026-05,5,3,25.7,89,2.1,4.9,0.6155,0.0,0.0,0.0,SIMULADO_CLIMATICO,0.4107,baixo
Labrea,AM,Amazonia,-7.2586,-64.7981,2026-05-08,2026-05,5,4,26.8,82,3.5,6.3,0.6155,2.0,25.0,12.5,SIMULADO_CLIMATICO,0.4925,alto
Labrea,AM,Amazonia,-7.2586,-64.7981,2026-05-09,2026-05,5,5,26.6,86,0.8,3.3,0.6155,1.0,12.5,12.5,SIMULADO_CLIMATICO,0.4402,medio
Labrea,AM,Amazonia,-7.2586,-64.7981,2026-05-10,2026-05,5,6,25.8,87,9.1,9.0,0.6155,1.0,12.5,12.5,SIMULADO_CLIMATICO,0.4558,medio
Labrea,AM,Amazonia,-7.2586,-64.7981,2026-05-11,2026-05,5,0,22.6,79,0.0,10.4,0.6155,2.0,25.0,12.5,SIMULADO_CLIMATICO,0.5095,alto
Labrea,AM,Amazonia,-7.2586,-64.7981,2026-05-12,2026-05,5,1,23.2,80,0.0,5.4,0.6155,0.0,0.0,0.0,SIMULADO_CLIMATICO,0.42,baixo
Labrea,AM,Amazonia,-7.2586,-64.7981,2026-05-13,2026-05,5,2,24.7,86,6.1,2.7,0.6155,0.0,0.0,0.0,SIMULADO_CLIMATICO,0.3817,baixo
Labrea,AM,Amazonia,-7.2586,-64.7981,2026-05-14,2026-05,5,3,25.0,91,4.8,3.1,0.6155,0.0,0.0,0.0,SIMULADO_CLIMATICO,0.3804,baixo
Labrea,AM,Amazonia,-7.2586,-64.7981,2026-05-15,2026-05,5,4,25.4,92,7.3,4.6,0.6155,0.0,0.0,0.0,SIMULADO_CLIMATICO,0.3866,baixo
Labrea,AM,Amazonia,-7.2586,-64.7981,2026-05-16,2026-05,5,5,25.7,86,0.0,5.9,0.6155,2.0,25.0,12.5,SIMULADO_CLIMATICO,0.4825,alto
Labrea,AM,Amazonia,-7.2586,-64.7981,2026-05-17,2026-05,5,6,25.7,87,6.9,5.8,0.6155,0.0,0.0,0.0,SIMULADO_CLIMATICO,0.4093,baixo
Labrea,AM,Amazonia,-7.2586,-64.7981,2026-05-18,2026-05,5,0,25.9,89,8.1,4.4,0.6155,0.0,0.0,0.0,SIMULADO_CLIMATICO,0.3926,baixo
Labrea,AM,Amazonia,-7.2586,-64.7981,2026-05-19,2026-05,5,1,23.2,91,3.1,10.0,0.6155,2.0,25.0,12.5,SIMULADO_CLIMATICO,0.4787,alto
Labrea,AM,Amazonia,-7.2586,-64.7981,2026-05-20,2026-05,5,2,23.3,81,0.5,9.4,0.6155,2.0,25.0,12.5,SIMULADO_CLIMATICO,0.5014,alto
Labrea,AM,Amazonia,-7.2586,-64.7981,2026-05-21,2026-05,5,3,23.8,85,0.2,10.4,0.6155,4.0,50.0,12.5,SIMULADO_CLIMATICO,0.5582,alto
Labrea,AM,Amazonia,-7.2586,-64.7981,2026-05-22,2026-05,5,4,23.2,84,0.0,9.0,0.6155,1.0,12.5,12.5,SIMULADO_CLIMATICO,0.4666,alto
Labrea,AM,Amazonia,-7.2586,-64.7981,2026-05-23,2026-05,5,5,23.8,80,0.0,9.0,0.6155,1.0,12.5,12.5,SIMULADO_CLIMATICO,0.479,alto
Labrea,AM,Amazonia,-7.2586,-64.7981,2026-05-24,2026-05,5,6,24.6,82,0.2,6.5,0.6155,2.0,25.0,12.5,SIMULADO_CLIMATICO,0.4867,alto
Labrea,AM,Amazonia,-7.2586,-64.7981,2026-05-25,2026-05,5,0,26.2,82,0.6,5.4,0.6155,1.0,12.5,12.5,SIMULADO_CLIMATICO,0.4624,medio
Labrea,AM,Amazonia,-7.2586,-64.7981,2026-05-26,2026-05,5,1,25.5,90,5.5,4.8,0.6155,0.0,0.0,0.0,SIMULADO_CLIMATICO,0.3976,baixo
Labrea,AM,Amazonia,-7.2586,-64.7981,2026-05-27,2026-05,5,2,26.4,80,0.5,6.9,0.6155,4.0,50.0,12.5,SIMULADO_CLIMATICO,0.5586,alto
Labrea,AM,Amazonia,-7.2586,-64.7981,2026-05-28,2026-05,5,3,27.5,76,0.2,6.1,0.6155,3.0,37.5,12.5,SIMULADO_CLIMATICO,0.5428,alto
Labrea,AM,Amazonia,-7.2586,-64.7981,2026-05-29,2026-05,5,4,27.6,75,0.1,7.1,0.6155,3.0,37.5,12.5,SIMULADO_CLIMATICO,0.5537,alto
Labrea,AM,Amazonia,-7.2586,-64.7981,2026-05-30,2026-05,5,5,27.2,74,0.1,8.2,0.6155,2.0,25.0,12.5,SIMULADO_CLIMATICO,0.5352,alto
Labrea,AM,Amazonia,-7.2586,-64.7981,2026-05-31,2026-05,5,6,26.9,74,0.0,7.1,0.6155,2.0,25.0,12.5,SIMULADO_CLIMATICO,0.5247,alto
Labrea,AM,Amazonia,-7.2586,-64.7981,2026-06-01,2026-06,6,0,26.5,82,0.7,5.0,0.6155,2.0,25.0,12.5,SIMULADO_CLIMATICO,0.4874,alto
Labrea,AM,Amazonia,-7.2586,-64.7981,2026-06-02,2026-06,6,1,27.1,78,0.3,6.0,0.6155,1.0,12.5,12.5,SIMULADO_CLIMATICO,0.4824,alto
Labrea,AM,Amazonia,-7.2586,-64.7981,2026-06-03,2026-06,6,2,26.8,74,0.0,8.1,0.6155,3.0,37.5,12.5,SIMULADO_CLIMATICO,0.558,alto
Labrea,AM,Amazonia,-7.2586,-64.7981,2026-06-04,2026-06,6,3,26.4,74,0.5,8.4,0.6155,2.0,25.0,12.5,SIMULADO_CLIMATICO,0.53,alto
Labrea,AM,Amazonia,-7.2586,-64.7981,2026-06-05,2026-06,6,4,25.9,87,11.1,5.2,0.6155,0.0,0.0,0.0,SIMULADO_CLIMATICO,0.3951,baixo
Labrea,AM,Amazonia,-7.2586,-64.7981,2026-06-06,2026-06,6,5,24.1,95,27.0,3.5,0.6155,0.0,0.0,0.0,SIMULADO_CLIMATICO,0.3113,baixo
Novo Progresso,PA,Amazonia,-7.1256,-55.3786,2026-05-07,2026-05,5,3,26.8,75,0.0,7.2,0.7362,0.0,0.0,0.0,SEM_FOCO_REGISTRADO,0.4642,medio
Novo Progresso,PA,Amazonia,-7.1256,-55.3786,2026-05-08,2026-05,5,4,26.2,80,2.8,5.5,0.7362,0.0,0.0,0.0,SEM_FOCO_REGISTRADO,0.4292,medio
Novo Progresso,PA,Amazonia,-7.1256,-55.3786,2026-05-09,2026-05,5,5,26.8,76,0.0,7.7,0.7362,0.0,0.0,0.0,SEM_FOCO_REGISTRADO,0.4662,alto
Novo Progresso,PA,Amazonia,-7.1256,-55.3786,2026-05-10,2026-05,5,6,27.2,73,0.2,8.0,0.7362,0.0,0.0,0.0,SEM_FOCO_REGISTRADO,0.4769,alto
Novo Progresso,PA,Amazonia,-7.1256,-55.3786,2026-05-11,2026-05,5,0,25.2,88,3.3,6.6,0.7362,0.0,0.0,0.0,SEM_FOCO_REGISTRADO,0.4133,baixo
Novo Progresso,PA,Amazonia,-7.1256,-55.3786,2026-05-12,2026-05,5,1,24.3,94,15.0,4.9,0.7362,0.0,0.0,0.0,SEM_FOCO_REGISTRADO,0.351,baixo
Novo Progresso,PA,Amazonia,-7.1256,-55.3786,2026-05-13,2026-05,5,2,24.2,94,11.0,3.7,0.7362,0.0,0.0,0.0,SEM_FOCO_REGISTRADO,0.3512,baixo
Novo Progresso,PA,Amazonia,-7.1256,-55.3786,2026-05-14,2026-05,5,3,24.5,91,2.9,3.2,0.7362,0.0,0.0,0.0,SEM_FOCO_REGISTRADO,0.3765,baixo
Novo Progresso,PA,Amazonia,-7.1256,-55.3786,2026-05-15,2026-05,5,4,25.3,89,2.8,4.3,0.7362,0.0,0.0,0.0,SEM_FOCO_REGISTRADO,0.3952,baixo
Novo Progresso,PA,Amazonia,-7.1256,-55.3786,2026-05-16,2026-05,5,5,25.2,89,1.9,5.5,0.7362,0.0,0.0,0.0,SEM_FOCO_REGISTRADO,0.4063,baixo
Novo Progresso,PA,Amazonia,-7.1256,-55.3786,2026-05-17,2026-05,5,6,26.0,85,1.3,4.4,0.7362,0.0,0.0,0.0,SEM_FOCO_REGISTRADO,0.413,baixo
Novo Progresso,PA,Amazonia,-7.1256,-55.3786,2026-05-18,2026-05,5,0,25.7,88,7.3,3.6,0.7362,0.0,0.0,0.0,SEM_FOCO_REGISTRADO,0.3829,baixo
Novo Progresso,PA,Amazonia,-7.1256,-55.3786,2026-05-19,2026-05,5,1,25.5,89,4.6,4.6,0.7362,0.0,0.0,0.0,SEM_FOCO_REGISTRADO,0.3943,baixo
Novo Progresso,PA,Amazonia,-7.1256,-55.3786,2026-05-20,2026-05,5,2,25.6,88,4.6,5.9,0.7362,0.0,0.0,0.0,SEM_FOCO_REGISTRADO,0.4073,baixo
Novo Progresso,PA,Amazonia,-7.1256,-55.3786,2026-05-21,2026-05,5,3,25.9,87,1.4,3.3,0.7362,0.0,0.0,0.0,SEM_FOCO_REGISTRADO,0.3993,baixo
Novo Progresso,PA,Amazonia,-7.1256,-55.3786,2026-05-22,2026-05,5,4,25.6,87,2.3,2.9,0.7362,0.0,0.0,0.0,SEM_FOCO_REGISTRADO,0.3916,baixo
Novo Progresso,PA,Amazonia,-7.1256,-55.3786,2026-05-23,2026-05,5,5,25.7,84,0.5,3.8,0.7362,0.0,0.0,0.0,SEM_FOCO_REGISTRADO,0.4101,baixo
Novo Progresso,PA,Amazonia,-7.1256,-55.3786,2026-05-24,2026-05,5,6,26.0,77,0.4,6.8,0.7362,0.0,0.0,0.0,SEM_FOCO_REGISTRADO,0.4502,medio
Novo Progresso,PA,Amazonia,-7.1256,-55.3786,2026-05-25,2026-05,5,0,25.8,74,0.0,5.5,0.7362,0.0,0.0,0.0,SEM_FOCO_REGISTRADO,0.4456,medio
Novo Progresso,PA,Amazonia,-7.1256,-55.3786,2026-05-26,2026-05,5,1,26.1,68,0.0,8.3,0.7362,0.0,0.0,0.0,SEM_FOCO_REGISTRADO,0.4818,alto
Novo Progresso,PA,Amazonia,-7.1256,-55.3786,2026-05-27,2026-05,5,2,25.9,69,0.0,7.7,0.7362,0.0,0.0,0.0,SEM_FOCO_REGISTRADO,0.4737,alto
Novo Progresso,PA,Amazonia,-7.1256,-55.3786,2026-05-28,2026-05,5,3,26.1,71,0.0,5.4,0.7362,0.0,0.0,0.0,SEM_FOCO_REGISTRADO,0.453,medio
Novo Progresso,PA,Amazonia,-7.1256,-55.3786,2026-05-29,2026-05,5,4,26.6,70,0.0,6.4,0.7362,0.0,0.0,0.0,SEM_FOCO_REGISTRADO,0.4665,alto
Novo Progresso,PA,Amazonia,-7.1256,-55.3786,2026-05-30,2026-05,5,5,27.2,69,0.3,8.0,0.7362,0.0,0.0,0.0,SEM_FOCO_REGISTRADO,0.4847,alto
Novo Progresso,PA,Amazonia,-7.1256,-55.3786,2026-05-31,2026-05,5,6,26.9,70,0.1,6.1,0.7362,0.0,0.0,0.0,SEM_FOCO_REGISTRADO,0.466,alto
Novo Progresso,PA,Amazonia,-7.1256,-55.3786,2026-06-01,2026-06,6,0,26.2,83,1.9,4.3,0.6155,0.0,0.0,0.0,SEM_FOCO_REGISTRADO,0.4221,baixo
Novo Progresso,PA,Amazonia,-7.1256,-55.3786,2026-06-02,2026-06,6,1,25.6,84,1.2,4.6,0.6155,0.0,0.0,0.0,SEM_FOCO_REGISTRADO,0.4199,baixo
Novo Progresso,PA,Amazonia,-7.1256,-55.3786,2026-06-03,2026-06,6,2,25.7,81,3.5,6.0,0.6155,9.0,63.73,7.08,NASA_FIRMS,0.6521,alto
Novo Progresso,PA,Amazonia,-7.1256,-55.3786,2026-06-04,2026-06,6,3,26.8,77,1.7,7.9,0.6155,1.0,3.21,3.21,NASA_FIRMS,0.4906,alto
Novo Progresso,PA,Amazonia,-7.1256,-55.3786,2026-06-05,2026-06,6,4,27.0,70,0.8,9.5,0.6155,3.0,40.02,13.34,NASA_FIRMS,0.5773,alto
Novo Progresso,PA,Amazonia,-7.1256,-55.3786,2026-06-06,2026-06,6,5,26.6,71,0.0,7.9,0.6155,1.0,6.14,6.14,NASA_FIRMS,0.5065,alto
Altamira,PA,Amazonia,-3.2041,-52.2063,2026-05-07,2026-05,5,3,26.0,84,1.5,6.5,0.2398,1.0,12.5,12.5,SIMULADO_CLIMATICO,0.4821,alto
Altamira,PA,Amazonia,-3.2041,-52.2063,2026-05-08,2026-05,5,4,26.2,84,0.4,8.3,0.2398,3.0,37.5,12.5,SIMULADO_CLIMATICO,0.553,alto
Altamira,PA,Amazonia,-3.2041,-52.2063,2026-05-09,2026-05,5,5,25.9,84,0.0,7.3,0.2398,0.0,0.0,0.0,SIMULADO_CLIMATICO,0.4653,medio
Altamira,PA,Amazonia,-3.2041,-52.2063,2026-05-10,2026-05,5,6,26.3,83,2.2,9.2,0.2398,0.0,0.0,0.0,SIMULADO_CLIMATICO,0.4795,alto
Altamira,PA,Amazonia,-3.2041,-52.2063,2026-05-11,2026-05,5,0,26.1,86,21.4,7.7,0.2398,3.0,37.5,12.5,SIMULADO_CLIMATICO,0.489,alto
Altamira,PA,Amazonia,-3.2041,-52.2063,2026-05-12,2026-05,5,1,24.5,95,18.8,5.8,0.2398,0.0,0.0,0.0,SIMULADO_CLIMATICO,0.3725,baixo
Altamira,PA,Amazonia,-3.2041,-52.2063,2026-05-13,2026-05,5,2,24.1,97,20.8,4.5,0.2398,0.0,0.0,0.0,SIMULADO_CLIMATICO,0.3501,baixo
Altamira,PA,Amazonia,-3.2041,-52.2063,2026-05-14,2026-05,5,3,25.2,90,6.3,4.3,0.2398,0.0,0.0,0.0,SIMULADO_CLIMATICO,0.4082,baixo
Altamira,PA,Amazonia,-3.2041,-52.2063,2026-05-15,2026-05,5,4,26.2,86,9.4,8.0,0.2398,1.0,12.5,12.5,SIMULADO_CLIMATICO,0.4708,alto
Altamira,PA,Amazonia,-3.2041,-52.2063,2026-05-16,2026-05,5,5,25.7,87,2.2,6.5,0.2398,0.0,0.0,0.0,SIMULADO_CLIMATICO,0.4458,medio
Altamira,PA,Amazonia,-3.2041,-52.2063,2026-05-17,2026-05,5,6,26.1,86,0.6,6.8,0.2398,2.0,25.0,12.5,SIMULADO_CLIMATICO,0.5097,alto
Altamira,PA,Amazonia,-3.2041,-52.2063,2026-05-18,2026-05,5,0,26.0,86,12.1,7.2,0.2398,0.0,0.0,0.0,SIMULADO_CLIMATICO,0.4298,medio
Altamira,PA,Amazonia,-3.2041,-52.2063,2026-05-19,2026-05,5,1,26.9,84,4.5,7.4,0.2398,1.0,12.5,12.5,SIMULADO_CLIMATICO,0.4879,alto
Altamira,PA,Amazonia,-3.2041,-52.2063,2026-05-20,2026-05,5,2,26.0,89,3.0,5.6,0.2398,1.0,12.5,12.5,SIMULADO_CLIMATICO,0.4611,medio
Altamira,PA,Amazonia,-3.2041,-52.2063,2026-05-21,2026-05,5,3,25.5,91,15.0,5.8,0.2398,0.0,0.0,0.0,SIMULADO_CLIMATICO,0.3976,baixo
Altamira,PA,Amazonia,-3.2041,-52.2063,2026-05-22,2026-05,5,4,26.8,82,6.0,6.0,0.2398,1.0,12.5,12.5,SIMULADO_CLIMATICO,0.4762,alto
Altamira,PA,Amazonia,-3.2041,-52.2063,2026-05-23,2026-05,5,5,26.4,86,1.3,4.7,0.2398,2.0,25.0,12.5,SIMULADO_CLIMATICO,0.4935,alto
Altamira,PA,Amazonia,-3.2041,-52.2063,2026-05-24,2026-05,5,6,25.5,91,2.9,4.8,0.2398,0.0,0.0,0.0,SIMULADO_CLIMATICO,0.4211,baixo
Altamira,PA,Amazonia,-3.2041,-52.2063,2026-05-25,2026-05,5,0,25.7,87,1.6,5.8,0.2398,2.0,25.0,12.5,SIMULADO_CLIMATICO,0.4943,alto
Altamira,PA,Amazonia,-3.2041,-52.2063,2026-05-26,2026-05,5,1,26.9,78,0.8,8.7,0.2398,3.0,37.5,12.5,SIMULADO_CLIMATICO,0.5722,alto
Altamira,PA,Amazonia,-3.2041,-52.2063,2026-05-27,2026-05,5,2,26.9,80,1.6,6.7,0.2398,3.0,37.5,12.5,SIMULADO_CLIMATICO,0.5503,alto
Altamira,PA,Amazonia,-3.2041,-52.2063,2026-05-28,2026-05,5,3,27.2,83,0.9,4.9,0.2398,3.0,37.5,12.5,SIMULADO_CLIMATICO,0.5341,alto
Altamira,PA,Amazonia,-3.2041,-52.2063,2026-05-29,2026-05,5,4,26.1,88,3.5,7.9,0.2398,0.0,0.0,0.0,SIMULADO_CLIMATICO,0.4544,medio
Altamira,PA,Amazonia,-3.2041,-52.2063,2026-05-30,2026-05,5,5,26.6,86,2.3,5.8,0.2398,2.0,25.0,12.5,SIMULADO_CLIMATICO,0.501,alto
Altamira,PA,Amazonia,-3.2041,-52.2063,2026-05-31,2026-05,5,6,25.7,89,9.6,5.4,0.2398,0.0,0.0,0.0,SIMULADO_CLIMATICO,0.4139,baixo
Altamira,PA,Amazonia,-3.2041,-52.2063,2026-06-01,2026-06,6,0,25.8,89,3.9,4.6,0.6155,0.0,0.0,0.0,SIMULADO_CLIMATICO,0.4044,baixo
Altamira,PA,Amazonia,-3.2041,-52.2063,2026-06-02,2026-06,6,1,26.1,88,2.2,4.1,0.6155,2.0,25.0,12.5,SIMULADO_CLIMATICO,0.4615,medio
Altamira,PA,Amazonia,-3.2041,-52.2063,2026-06-03,2026-06,6,2,26.5,86,2.3,6.7,0.6155,1.0,12.5,12.5,SIMULADO_CLIMATICO,0.4624,medio
Altamira,PA,Amazonia,-3.2041,-52.2063,2026-06-04,2026-06,6,3,26.8,83,3.8,8.3,0.6155,5.0,62.5,12.5,SIMULADO_CLIMATICO,0.5842,alto
Altamira,PA,Amazonia,-3.2041,-52.2063,2026-06-05,2026-06,6,4,26.7,83,2.1,8.1,0.6155,0.0,0.0,0.0,SIMULADO_CLIMATICO,0.4552,medio
Altamira,PA,Amazonia,-3.2041,-52.2063,2026-06-06,2026-06,6,5,26.3,86,2.7,6.6,0.6155,0.0,0.0,0.0,SIMULADO_CLIMATICO,0.4329,medio
Porto Velho,RO,Amazonia,-8.7612,-63.9004,2026-05-07,2026-05,5,3,26.4,87,1.0,5.2,0.3741,0.0,0.0,0.0,SEM_FOCO_REGISTRADO,0.4371,medio
Porto Velho,RO,Amazonia,-8.7612,-63.9004,2026-05-08,2026-05,5,4,26.9,84,3.4,6.4,0.3741,0.0,0.0,0.0,SEM_FOCO_REGISTRADO,0.4499,medio
Porto Velho,RO,Amazonia,-8.7612,-63.9004,2026-05-09,2026-05,5,5,27.0,84,5.3,5.1,0.3741,0.0,0.0,0.0,SEM_FOCO_REGISTRADO,0.4354,medio
Porto Velho,RO,Amazonia,-8.7612,-63.9004,2026-05-10,2026-05,5,6,24.8,86,4.2,13.2,0.3741,0.0,0.0,0.0,SEM_FOCO_REGISTRADO,0.4823,alto
Porto Velho,RO,Amazonia,-8.7612,-63.9004,2026-05-11,2026-05,5,0,22.2,76,0.4,11.1,0.3741,0.0,0.0,0.0,SEM_FOCO_REGISTRADO,0.4768,alto
Porto Velho,RO,Amazonia,-8.7612,-63.9004,2026-05-12,2026-05,5,1,24.1,78,1.2,5.4,0.3741,0.0,0.0,0.0,SEM_FOCO_REGISTRADO,0.4394,medio
Porto Velho,RO,Amazonia,-8.7612,-63.9004,2026-05-13,2026-05,5,2,24.6,87,2.5,3.3,0.3741,0.0,0.0,0.0,SEM_FOCO_REGISTRADO,0.4051,baixo
Porto Velho,RO,Amazonia,-8.7612,-63.9004,2026-05-14,2026-05,5,3,25.0,89,4.3,3.2,0.3741,0.0,0.0,0.0,SEM_FOCO_REGISTRADO,0.3985,baixo
Porto Velho,RO,Amazonia,-8.7612,-63.9004,2026-05-15,2026-05,5,4,25.9,90,27.4,4.8,0.3741,0.0,0.0,0.0,SEM_FOCO_REGISTRADO,0.3556,baixo
Porto Velho,RO,Amazonia,-8.7612,-63.9004,2026-05-16,2026-05,5,5,26.2,86,0.3,3.7,0.3741,0.0,0.0,0.0,SEM_FOCO_REGISTRADO,0.4276,medio
Porto Velho,RO,Amazonia,-8.7612,-63.9004,2026-05-17,2026-05,5,6,26.8,86,2.8,4.5,0.3741,0.0,0.0,0.0,SEM_FOCO_REGISTRADO,0.4317,medio
Porto Velho,RO,Amazonia,-8.7612,-63.9004,2026-05-18,2026-05,5,0,25.6,91,18.1,5.6,0.3741,0.0,0.0,0.0,SEM_FOCO_REGISTRADO,0.382,baixo
Porto Velho,RO,Amazonia,-8.7612,-63.9004,2026-05-19,2026-05,5,1,23.2,85,0.2,11.3,0.3741,0.0,0.0,0.0,SEM_FOCO_REGISTRADO,0.4681,alto
Porto Velho,RO,Amazonia,-8.7612,-63.9004,2026-05-20,2026-05,5,2,23.7,80,0.0,9.1,0.3741,0.0,0.0,0.0,SEM_FOCO_REGISTRADO,0.4649,medio
Porto Velho,RO,Amazonia,-8.7612,-63.9004,2026-05-21,2026-05,5,3,24.3,82,0.0,10.9,0.3741,0.0,0.0,0.0,SEM_FOCO_REGISTRADO,0.4794,alto
Porto Velho,RO,Amazonia,-8.7612,-63.9004,2026-05-22,2026-05,5,4,23.9,78,0.0,10.5,0.3741,0.0,0.0,0.0,SEM_FOCO_REGISTRADO,0.4814,alto
Porto Velho,RO,Amazonia,-8.7612,-63.9004,2026-05-23,2026-05,5,5,23.8,78,0.0,9.3,0.3741,0.0,0.0,0.0,SEM_FOCO_REGISTRADO,0.4712,alto
Porto Velho,RO,Amazonia,-8.7612,-63.9004,2026-05-24,2026-05,5,6,25.1,78,0.0,7.4,0.3741,0.0,0.0,0.0,SEM_FOCO_REGISTRADO,0.4656,alto
Porto Velho,RO,Amazonia,-8.7612,-63.9004,2026-05-25,2026-05,5,0,26.0,82,0.9,5.4,0.3741,0.0,0.0,0.0,SEM_FOCO_REGISTRADO,0.446,medio
Porto Velho,RO,Amazonia,-8.7612,-63.9004,2026-05-26,2026-05,5,1,26.6,78,0.9,8.1,0.3741,0.0,0.0,0.0,SEM_FOCO_REGISTRADO,0.4797,alto
Porto Velho,RO,Amazonia,-8.7612,-63.9004,2026-05-27,2026-05,5,2,26.9,75,0.0,7.8,0.3741,0.0,0.0,0.0,SEM_FOCO_REGISTRADO,0.4878,alto
Porto Velho,RO,Amazonia,-8.7612,-63.9004,2026-05-28,2026-05,5,3,27.2,76,0.0,6.4,0.3741,0.0,0.0,0.0,SEM_FOCO_REGISTRADO,0.4769,alto
Porto Velho,RO,Amazonia,-8.7612,-63.9004,2026-05-29,2026-05,5,4,27.4,75,0.0,5.3,0.3741,0.0,0.0,0.0,SEM_FOCO_REGISTRADO,0.4717,alto
Porto Velho,RO,Amazonia,-8.7612,-63.9004,2026-05-30,2026-05,5,5,27.3,73,0.0,7.9,0.3741,0.0,0.0,0.0,SEM_FOCO_REGISTRADO,0.4955,alto
Porto Velho,RO,Amazonia,-8.7612,-63.9004,2026-05-31,2026-05,5,6,27.0,75,0.0,6.3,0.3741,0.0,0.0,0.0,SEM_FOCO_REGISTRADO,0.4767,alto
Porto Velho,RO,Amazonia,-8.7612,-63.9004,2026-06-01,2026-06,6,0,27.1,77,0.0,4.5,0.6155,0.0,0.0,0.0,SEM_FOCO_REGISTRADO,0.4471,medio
Porto Velho,RO,Amazonia,-8.7612,-63.9004,2026-06-02,2026-06,6,1,27.3,76,0.0,5.0,0.6155,0.0,0.0,0.0,SEM_FOCO_REGISTRADO,0.4545,medio
Porto Velho,RO,Amazonia,-8.7612,-63.9004,2026-06-03,2026-06,6,2,27.1,72,0.0,7.5,0.6155,7.0,156.21,22.32,NASA_FIRMS,0.6864,alto
Porto Velho,RO,Amazonia,-8.7612,-63.9004,2026-06-04,2026-06,6,3,26.8,70,0.1,7.5,0.6155,0.0,0.0,0.0,SEM_FOCO_REGISTRADO,0.4824,alto
Porto Velho,RO,Amazonia,-8.7612,-63.9004,2026-06-05,2026-06,6,4,26.4,81,2.7,5.2,0.6155,0.0,0.0,0.0,SEM_FOCO_REGISTRADO,0.4326,medio
Porto Velho,RO,Amazonia,-8.7612,-63.9004,2026-06-06,2026-06,6,5,25.7,90,9.6,4.4,0.6155,0.0,0.0,0.0,SEM_FOCO_REGISTRADO,0.3852,baixo
Corumba,MS,Pantanal,-19.0094,-57.6533,2026-05-07,2026-05,5,3,27.5,65,0.0,14.5,0.6039,0.0,0.0,0.0,SEM_FOCO_REGISTRADO,0.5536,alto
Corumba,MS,Pantanal,-19.0094,-57.6533,2026-05-08,2026-05,5,4,21.3,85,16.5,10.1,0.6039,0.0,0.0,0.0,SEM_FOCO_REGISTRADO,0.391,baixo
Corumba,MS,Pantanal,-19.0094,-57.6533,2026-05-09,2026-05,5,5,16.6,92,57.7,11.1,0.6039,0.0,0.0,0.0,SEM_FOCO_REGISTRADO,0.2437,baixo
Corumba,MS,Pantanal,-19.0094,-57.6533,2026-05-10,2026-05,5,6,15.3,70,0.5,12.6,0.6039,0.0,0.0,0.0,SEM_FOCO_REGISTRADO,0.4388,medio
Corumba,MS,Pantanal,-19.0094,-57.6533,2026-05-11,2026-05,5,0,16.3,65,0.0,9.5,0.6039,0.0,0.0,0.0,SEM_FOCO_REGISTRADO,0.4329,medio
Corumba,MS,Pantanal,-19.0094,-57.6533,2026-05-12,2026-05,5,1,17.0,68,0.0,5.7,0.6039,0.0,0.0,0.0,SEM_FOCO_REGISTRADO,0.402,baixo
Corumba,MS,Pantanal,-19.0094,-57.6533,2026-05-13,2026-05,5,2,20.1,70,0.0,4.2,0.6039,0.0,0.0,0.0,SEM_FOCO_REGISTRADO,0.4086,baixo
Corumba,MS,Pantanal,-19.0094,-57.6533,2026-05-14,2026-05,5,3,22.7,78,4.9,5.0,0.6039,0.0,0.0,0.0,SEM_FOCO_REGISTRADO,0.405,baixo
Corumba,MS,Pantanal,-19.0094,-57.6533,2026-05-15,2026-05,5,4,21.9,90,15.6,6.6,0.6039,0.0,0.0,0.0,SEM_FOCO_REGISTRADO,0.3601,baixo
Corumba,MS,Pantanal,-19.0094,-57.6533,2026-05-16,2026-05,5,5,23.4,85,1.5,8.4,0.6039,0.0,0.0,0.0,SEM_FOCO_REGISTRADO,0.4318,medio
Corumba,MS,Pantanal,-19.0094,-57.6533,2026-05-17,2026-05,5,6,22.5,86,3.2,12.9,0.6039,0.0,0.0,0.0,SEM_FOCO_REGISTRADO,0.4544,medio
Corumba,MS,Pantanal,-19.0094,-57.6533,2026-05-18,2026-05,5,0,16.9,76,0.6,18.0,0.6039,0.0,0.0,0.0,SEM_FOCO_REGISTRADO,0.4808,alto
Corumba,MS,Pantanal,-19.0094,-57.6533,2026-05-19,2026-05,5,1,16.5,72,0.0,11.5,0.6039,0.0,0.0,0.0,SEM_FOCO_REGISTRADO,0.4362,medio
Corumba,MS,Pantanal,-19.0094,-57.6533,2026-05-20,2026-05,5,2,17.3,73,0.0,12.6,0.6039,0.0,0.0,0.0,SEM_FOCO_REGISTRADO,0.4486,medio
Corumba,MS,Pantanal,-19.0094,-57.6533,2026-05-21,2026-05,5,3,17.4,70,0.0,12.4,0.6039,0.0,0.0,0.0,SEM_FOCO_REGISTRADO,0.4538,medio
Corumba,MS,Pantanal,-19.0094,-57.6533,2026-05-22,2026-05,5,4,17.0,70,0.0,13.7,0.6039,0.0,0.0,0.0,SEM_FOCO_REGISTRADO,0.4612,medio
Corumba,MS,Pantanal,-19.0094,-57.6533,2026-05-23,2026-05,5,5,18.1,72,0.0,11.3,0.6039,0.0,0.0,0.0,SEM_FOCO_REGISTRADO,0.4462,medio
Corumba,MS,Pantanal,-19.0094,-57.6533,2026-05-24,2026-05,5,6,20.4,79,0.1,6.9,0.6039,0.0,0.0,0.0,SEM_FOCO_REGISTRADO,0.4138,baixo
Corumba,MS,Pantanal,-19.0094,-57.6533,2026-05-25,2026-05,5,0,22.8,82,0.6,4.9,0.6039,0.0,0.0,0.0,SEM_FOCO_REGISTRADO,0.4081,baixo
Corumba,MS,Pantanal,-19.0094,-57.6533,2026-05-26,2026-05,5,1,22.9,82,0.0,12.6,0.6039,0.0,0.0,0.0,SEM_FOCO_REGISTRADO,0.4712,alto
Corumba,MS,Pantanal,-19.0094,-57.6533,2026-05-27,2026-05,5,2,23.1,77,0.0,7.2,0.6039,0.0,0.0,0.0,SEM_FOCO_REGISTRADO,0.44,medio
Corumba,MS,Pantanal,-19.0094,-57.6533,2026-05-28,2026-05,5,3,24.5,79,0.7,6.6,0.6039,0.0,0.0,0.0,SEM_FOCO_REGISTRADO,0.4396,medio
Corumba,MS,Pantanal,-19.0094,-57.6533,2026-05-29,2026-05,5,4,25.5,73,0.0,5.3,0.6039,0.0,0.0,0.0,SEM_FOCO_REGISTRADO,0.4504,medio
Corumba,MS,Pantanal,-19.0094,-57.6533,2026-05-30,2026-05,5,5,24.1,76,0.1,8.0,0.6039,0.0,0.0,0.0,SEM_FOCO_REGISTRADO,0.4553,medio
Corumba,MS,Pantanal,-19.0094,-57.6533,2026-05-31,2026-05,5,6,23.7,77,0.3,7.3,0.6039,0.0,0.0,0.0,SEM_FOCO_REGISTRADO,0.4444,medio
Corumba,MS,Pantanal,-19.0094,-57.6533,2026-06-01,2026-06,6,0,24.0,77,0.1,6.1,0.6155,0.0,0.0,0.0,SEM_FOCO_REGISTRADO,0.437,medio
Corumba,MS,Pantanal,-19.0094,-57.6533,2026-06-02,2026-06,6,1,23.9,69,0.0,7.9,0.6155,0.0,0.0,0.0,SEM_FOCO_REGISTRADO,0.4668,alto
Corumba,MS,Pantanal,-19.0094,-57.6533,2026-06-03,2026-06,6,2,22.6,60,0.0,10.8,0.6155,1.0,4.95,4.95,NASA_FIRMS,0.5221,alto
Corumba,MS,Pantanal,-19.0094,-57.6533,2026-06-04,2026-06,6,3,21.8,66,0.0,6.8,0.6155,0.0,0.0,0.0,SEM_FOCO_REGISTRADO,0.4489,medio
Corumba,MS,Pantanal,-19.0094,-57.6533,2026-06-05,2026-06,6,4,23.8,62,0.0,9.2,0.6155,0.0,0.0,0.0,SEM_FOCO_REGISTRADO,0.4903,alto
Corumba,MS,Pantanal,-19.0094,-57.6533,2026-06-06,2026-06,6,5,23.4,63,0.0,7.9,0.6155,0.0,0.0,0.0,SEM_FOCO_REGISTRADO,0.4752,alto
Porto Murtinho,MS,Pantanal,-21.6981,-57.8827,2026-05-07,2026-05,5,3,27.4,65,2.4,19.0,0.7026,0.0,0.0,0.0,SEM_FOCO_REGISTRADO,0.5772,alto
Porto Murtinho,MS,Pantanal,-21.6981,-57.8827,2026-05-08,2026-05,5,4,17.9,84,25.9,14.1,0.7026,0.0,0.0,0.0,SEM_FOCO_REGISTRADO,0.3706,baixo
Porto Murtinho,MS,Pantanal,-21.6981,-57.8827,2026-05-09,2026-05,5,5,15.3,80,8.3,14.2,0.7026,0.0,0.0,0.0,SEM_FOCO_REGISTRADO,0.4063,baixo
Porto Murtinho,MS,Pantanal,-21.6981,-57.8827,2026-05-10,2026-05,5,6,14.4,68,0.0,9.3,0.7026,0.0,0.0,0.0,SEM_FOCO_REGISTRADO,0.4066,baixo
Porto Murtinho,MS,Pantanal,-21.6981,-57.8827,2026-05-11,2026-05,5,0,13.7,73,0.0,7.9,0.7026,0.0,0.0,0.0,SEM_FOCO_REGISTRADO,0.3805,baixo
Porto Murtinho,MS,Pantanal,-21.6981,-57.8827,2026-05-12,2026-05,5,1,15.2,74,0.0,3.2,0.7026,0.0,0.0,0.0,SEM_FOCO_REGISTRADO,0.3523,baixo
Porto Murtinho,MS,Pantanal,-21.6981,-57.8827,2026-05-13,2026-05,5,2,17.7,72,0.0,2.8,0.7026,0.0,0.0,0.0,SEM_FOCO_REGISTRADO,0.3712,baixo
Porto Murtinho,MS,Pantanal,-21.6981,-57.8827,2026-05-14,2026-05,5,3,20.7,79,0.8,5.4,0.7026,0.0,0.0,0.0,SEM_FOCO_REGISTRADO,0.3974,baixo
Porto Murtinho,MS,Pantanal,-21.6981,-57.8827,2026-05-15,2026-05,5,4,20.1,84,2.7,5.8,0.7026,0.0,0.0,0.0,SEM_FOCO_REGISTRADO,0.3813,baixo
Porto Murtinho,MS,Pantanal,-21.6981,-57.8827,2026-05-16,2026-05,5,5,20.9,89,5.7,4.9,0.7026,0.0,0.0,0.0,SEM_FOCO_REGISTRADO,0.3622,baixo
Porto Murtinho,MS,Pantanal,-21.6981,-57.8827,2026-05-17,2026-05,5,6,20.2,85,8.6,12.6,0.7026,0.0,0.0,0.0,SEM_FOCO_REGISTRADO,0.4184,baixo
Porto Murtinho,MS,Pantanal,-21.6981,-57.8827,2026-05-18,2026-05,5,0,16.3,70,0.1,14.3,0.7026,0.0,0.0,0.0,SEM_FOCO_REGISTRADO,0.4556,medio
Porto Murtinho,MS,Pantanal,-21.6981,-57.8827,2026-05-19,2026-05,5,1,14.4,82,0.0,6.3,0.7026,0.0,0.0,0.0,SEM_FOCO_REGISTRADO,0.355,baixo
Porto Murtinho,MS,Pantanal,-21.6981,-57.8827,2026-05-20,2026-05,5,2,16.4,75,0.4,7.1,0.7026,0.0,0.0,0.0,SEM_FOCO_REGISTRADO,0.3887,baixo
Porto Murtinho,MS,Pantanal,-21.6981,-57.8827,2026-05-21,2026-05,5,3,16.1,69,0.3,8.8,0.7026,0.0,0.0,0.0,SEM_FOCO_REGISTRADO,0.4122,baixo
Porto Murtinho,MS,Pantanal,-21.6981,-57.8827,2026-05-22,2026-05,5,4,16.5,74,0.0,8.5,0.7026,0.0,0.0,0.0,SEM_FOCO_REGISTRADO,0.4035,baixo
Porto Murtinho,MS,Pantanal,-21.6981,-57.8827,2026-05-23,2026-05,5,5,17.1,77,0.0,7.8,0.7026,0.0,0.0,0.0,SEM_FOCO_REGISTRADO,0.3964,baixo
Porto Murtinho,MS,Pantanal,-21.6981,-57.8827,2026-05-24,2026-05,5,6,19.3,81,0.4,4.8,0.7026,0.0,0.0,0.0,SEM_FOCO_REGISTRADO,0.3796,baixo
Porto Murtinho,MS,Pantanal,-21.6981,-57.8827,2026-05-25,2026-05,5,0,21.4,84,0.8,5.7,0.7026,0.0,0.0,0.0,SEM_FOCO_REGISTRADO,0.3949,baixo
Porto Murtinho,MS,Pantanal,-21.6981,-57.8827,2026-05-26,2026-05,5,1,21.0,80,0.0,8.3,0.7026,0.0,0.0,0.0,SEM_FOCO_REGISTRADO,0.4226,baixo
Porto Murtinho,MS,Pantanal,-21.6981,-57.8827,2026-05-27,2026-05,5,2,21.5,83,0.0,5.3,0.7026,0.0,0.0,0.0,SEM_FOCO_REGISTRADO,0.3965,baixo
Porto Murtinho,MS,Pantanal,-21.6981,-57.8827,2026-05-28,2026-05,5,3,23.5,80,0.0,5.9,0.7026,0.0,0.0,0.0,SEM_FOCO_REGISTRADO,0.4217,baixo
Porto Murtinho,MS,Pantanal,-21.6981,-57.8827,2026-05-29,2026-05,5,4,22.7,89,13.6,6.7,0.7026,0.0,0.0,0.0,SEM_FOCO_REGISTRADO,0.3689,baixo
Porto Murtinho,MS,Pantanal,-21.6981,-57.8827,2026-05-30,2026-05,5,5,20.7,88,2.4,8.1,0.7026,0.0,0.0,0.0,SEM_FOCO_REGISTRADO,0.3966,baixo
Porto Murtinho,MS,Pantanal,-21.6981,-57.8827,2026-05-31,2026-05,5,6,21.2,80,0.0,8.5,0.7026,0.0,0.0,0.0,SEM_FOCO_REGISTRADO,0.4256,medio
Porto Murtinho,MS,Pantanal,-21.6981,-57.8827,2026-06-01,2026-06,6,0,21.9,83,0.0,7.7,0.6155,0.0,0.0,0.0,SEM_FOCO_REGISTRADO,0.4227,baixo
Porto Murtinho,MS,Pantanal,-21.6981,-57.8827,2026-06-02,2026-06,6,1,22.4,79,0.0,5.9,0.6155,0.0,0.0,0.0,SEM_FOCO_REGISTRADO,0.4201,baixo
Porto Murtinho,MS,Pantanal,-21.6981,-57.8827,2026-06-03,2026-06,6,2,21.3,70,0.0,6.4,0.6155,0.0,0.0,0.0,SEM_FOCO_REGISTRADO,0.4341,medio
Porto Murtinho,MS,Pantanal,-21.6981,-57.8827,2026-06-04,2026-06,6,3,20.1,74,0.0,5.0,0.6155,1.0,1.69,1.69,NASA_FIRMS,0.4291,medio
Porto Murtinho,MS,Pantanal,-21.6981,-57.8827,2026-06-05,2026-06,6,4,22.2,69,0.0,6.7,0.6155,0.0,0.0,0.0,SEM_FOCO_REGISTRADO,0.445,medio
Porto Murtinho,MS,Pantanal,-21.6981,-57.8827,2026-06-06,2026-06,6,5,22.0,71,0.0,4.7,0.6155,0.0,0.0,0.0,SEM_FOCO_REGISTRADO,0.4238,medio
Pocone,MT,Pantanal,-16.2568,-56.6228,2026-05-07,2026-05,5,3,26.6,70,0.0,12.5,0.5279,0.0,0.0,0.0,SEM_FOCO_REGISTRADO,0.525,alto
Pocone,MT,Pantanal,-16.2568,-56.6228,2026-05-08,2026-05,5,4,27.0,67,0.0,11.1,0.5279,0.0,0.0,0.0,SEM_FOCO_REGISTRADO,0.5229,alto
Pocone,MT,Pantanal,-16.2568,-56.6228,2026-05-09,2026-05,5,5,24.4,85,10.9,9.6,0.5279,0.0,0.0,0.0,SEM_FOCO_REGISTRADO,0.4279,medio
Pocone,MT,Pantanal,-16.2568,-56.6228,2026-05-10,2026-05,5,6,15.9,80,2.6,15.4,0.5279,0.0,0.0,0.0,SEM_FOCO_REGISTRADO,0.4436,medio
Pocone,MT,Pantanal,-16.2568,-56.6228,2026-05-11,2026-05,5,0,18.4,70,0.0,9.7,0.5279,0.0,0.0,0.0,SEM_FOCO_REGISTRADO,0.4435,medio
Pocone,MT,Pantanal,-16.2568,-56.6228,2026-05-12,2026-05,5,1,19.5,69,0.0,6.5,0.5279,0.0,0.0,0.0,SEM_FOCO_REGISTRADO,0.4282,medio
Pocone,MT,Pantanal,-16.2568,-56.6228,2026-05-13,2026-05,5,2,21.8,75,0.0,4.6,0.5279,0.0,0.0,0.0,SEM_FOCO_REGISTRADO,0.4179,baixo
Pocone,MT,Pantanal,-16.2568,-56.6228,2026-05-14,2026-05,5,3,24.9,74,0.0,3.2,0.5279,0.0,0.0,0.0,SEM_FOCO_REGISTRADO,0.4313,medio
Pocone,MT,Pantanal,-16.2568,-56.6228,2026-05-15,2026-05,5,4,24.8,87,6.9,6.6,0.5279,0.0,0.0,0.0,SEM_FOCO_REGISTRADO,0.4135,baixo
Pocone,MT,Pantanal,-16.2568,-56.6228,2026-05-16,2026-05,5,5,25.0,86,0.7,3.1,0.5279,0.0,0.0,0.0,SEM_FOCO_REGISTRADO,0.4054,baixo
Pocone,MT,Pantanal,-16.2568,-56.6228,2026-05-17,2026-05,5,6,26.1,82,5.0,7.8,0.5279,0.0,0.0,0.0,SEM_FOCO_REGISTRADO,0.4473,medio
Pocone,MT,Pantanal,-16.2568,-56.6228,2026-05-18,2026-05,5,0,19.6,86,10.3,15.8,0.5279,0.0,0.0,0.0,SEM_FOCO_REGISTRADO,0.4416,medio
Pocone,MT,Pantanal,-16.2568,-56.6228,2026-05-19,2026-05,5,1,18.2,79,0.0,9.4,0.5279,0.0,0.0,0.0,SEM_FOCO_REGISTRADO,0.4217,baixo
Pocone,MT,Pantanal,-16.2568,-56.6228,2026-05-20,2026-05,5,2,20.0,79,0.0,9.9,0.5279,0.0,0.0,0.0,SEM_FOCO_REGISTRADO,0.4387,medio
Pocone,MT,Pantanal,-16.2568,-56.6228,2026-05-21,2026-05,5,3,19.5,78,0.0,11.1,0.5279,0.0,0.0,0.0,SEM_FOCO_REGISTRADO,0.4465,medio
Pocone,MT,Pantanal,-16.2568,-56.6228,2026-05-22,2026-05,5,4,19.4,75,0.0,10.6,0.5279,0.0,0.0,0.0,SEM_FOCO_REGISTRADO,0.4479,medio
Pocone,MT,Pantanal,-16.2568,-56.6228,2026-05-23,2026-05,5,5,19.8,80,0.0,8.1,0.5279,0.0,0.0,0.0,SEM_FOCO_REGISTRADO,0.421,baixo
Pocone,MT,Pantanal,-16.2568,-56.6228,2026-05-24,2026-05,5,6,21.8,84,0.0,3.8,0.5279,0.0,0.0,0.0,SEM_FOCO_REGISTRADO,0.3936,baixo
Pocone,MT,Pantanal,-16.2568,-56.6228,2026-05-25,2026-05,5,0,24.4,78,0.0,3.7,0.5279,0.0,0.0,0.0,SEM_FOCO_REGISTRADO,0.4236,medio
Pocone,MT,Pantanal,-16.2568,-56.6228,2026-05-26,2026-05,5,1,25.4,74,0.1,6.2,0.5279,0.0,0.0,0.0,SEM_FOCO_REGISTRADO,0.4584,medio
Pocone,MT,Pantanal,-16.2568,-56.6228,2026-05-27,2026-05,5,2,25.1,78,0.0,8.3,0.5279,0.0,0.0,0.0,SEM_FOCO_REGISTRADO,0.465,medio
Pocone,MT,Pantanal,-16.2568,-56.6228,2026-05-28,2026-05,5,3,26.3,74,0.0,4.3,0.5279,0.0,0.0,0.0,SEM_FOCO_REGISTRADO,0.4501,medio
Pocone,MT,Pantanal,-16.2568,-56.6228,2026-05-29,2026-05,5,4,26.4,69,0.0,3.6,0.5279,0.0,0.0,0.0,SEM_FOCO_REGISTRADO,0.4553,medio
Pocone,MT,Pantanal,-16.2568,-56.6228,2026-05-30,2026-05,5,5,25.7,69,0.0,5.4,0.5279,0.0,0.0,0.0,SEM_FOCO_REGISTRADO,0.4645,medio
Pocone,MT,Pantanal,-16.2568,-56.6228,2026-05-31,2026-05,5,6,25.4,70,0.0,5.6,0.5279,0.0,0.0,0.0,SEM_FOCO_REGISTRADO,0.4619,medio
Pocone,MT,Pantanal,-16.2568,-56.6228,2026-06-01,2026-06,6,0,25.4,69,0.0,5.3,0.6155,0.0,0.0,0.0,SEM_FOCO_REGISTRADO,0.4571,medio
Pocone,MT,Pantanal,-16.2568,-56.6228,2026-06-02,2026-06,6,1,25.2,68,0.0,5.5,0.6155,0.0,0.0,0.0,SEM_FOCO_REGISTRADO,0.4593,medio
Pocone,MT,Pantanal,-16.2568,-56.6228,2026-06-03,2026-06,6,2,24.2,60,0.0,7.9,0.6155,1.0,2.43,2.43,NASA_FIRMS,0.51,alto
Pocone,MT,Pantanal,-16.2568,-56.6228,2026-06-04,2026-06,6,3,24.0,58,0.0,6.3,0.6155,1.0,3.16,3.16,NASA_FIRMS,0.5001,alto
Pocone,MT,Pantanal,-16.2568,-56.6228,2026-06-05,2026-06,6,4,24.9,57,0.0,6.2,0.6155,0.0,0.0,0.0,SEM_FOCO_REGISTRADO,0.4846,alto
Pocone,MT,Pantanal,-16.2568,-56.6228,2026-06-06,2026-06,6,5,23.8,58,0.0,4.9,0.6155,0.0,0.0,0.0,SEM_FOCO_REGISTRADO,0.4644,medio
Barao de Melgaco,MT,Pantanal,-16.1945,-55.9688,2026-05-07,2026-05,5,3,26.8,69,0.0,11.8,0.6488,0.0,0.0,0.0,SEM_FOCO_REGISTRADO,0.5169,alto
Barao de Melgaco,MT,Pantanal,-16.1945,-55.9688,2026-05-08,2026-05,5,4,26.5,72,0.0,10.2,0.6488,0.0,0.0,0.0,SEM_FOCO_REGISTRADO,0.4961,alto
Barao de Melgaco,MT,Pantanal,-16.1945,-55.9688,2026-05-09,2026-05,5,5,26.1,81,0.8,9.3,0.6488,0.0,0.0,0.0,SEM_FOCO_REGISTRADO,0.466,alto
Barao de Melgaco,MT,Pantanal,-16.1945,-55.9688,2026-05-10,2026-05,5,6,17.2,79,0.5,17.0,0.6488,0.0,0.0,0.0,SEM_FOCO_REGISTRADO,0.4671,alto
Barao de Melgaco,MT,Pantanal,-16.1945,-55.9688,2026-05-11,2026-05,5,0,19.3,71,0.0,11.1,0.6488,0.0,0.0,0.0,SEM_FOCO_REGISTRADO,0.453,medio
Barao de Melgaco,MT,Pantanal,-16.1945,-55.9688,2026-05-12,2026-05,5,1,20.5,70,0.0,6.1,0.6488,0.0,0.0,0.0,SEM_FOCO_REGISTRADO,0.4243,medio
Barao de Melgaco,MT,Pantanal,-16.1945,-55.9688,2026-05-13,2026-05,5,2,22.9,74,0.0,5.4,0.6488,0.0,0.0,0.0,SEM_FOCO_REGISTRADO,0.4281,medio
Barao de Melgaco,MT,Pantanal,-16.1945,-55.9688,2026-05-14,2026-05,5,3,25.0,76,0.0,2.8,0.6488,0.0,0.0,0.0,SEM_FOCO_REGISTRADO,0.4188,baixo
Barao de Melgaco,MT,Pantanal,-16.1945,-55.9688,2026-05-15,2026-05,5,4,25.2,84,2.6,7.3,0.6488,0.0,0.0,0.0,SEM_FOCO_REGISTRADO,0.433,medio
Barao de Melgaco,MT,Pantanal,-16.1945,-55.9688,2026-05-16,2026-05,5,5,25.4,85,0.4,3.7,0.6488,0.0,0.0,0.0,SEM_FOCO_REGISTRADO,0.4098,baixo
Barao de Melgaco,MT,Pantanal,-16.1945,-55.9688,2026-05-17,2026-05,5,6,26.3,82,0.6,6.8,0.6488,0.0,0.0,0.0,SEM_FOCO_REGISTRADO,0.4463,medio
Barao de Melgaco,MT,Pantanal,-16.1945,-55.9688,2026-05-18,2026-05,5,0,20.8,87,6.5,16.1,0.6488,0.0,0.0,0.0,SEM_FOCO_REGISTRADO,0.4545,medio
Barao de Melgaco,MT,Pantanal,-16.1945,-55.9688,2026-05-19,2026-05,5,1,19.3,79,0.0,10.6,0.6488,0.0,0.0,0.0,SEM_FOCO_REGISTRADO,0.4331,medio
Barao de Melgaco,MT,Pantanal,-16.1945,-55.9688,2026-05-20,2026-05,5,2,21.4,78,0.0,10.2,0.6488,0.0,0.0,0.0,SEM_FOCO_REGISTRADO,0.4472,medio
Barao de Melgaco,MT,Pantanal,-16.1945,-55.9688,2026-05-21,2026-05,5,3,20.8,79,0.0,12.0,0.6488,0.0,0.0,0.0,SEM_FOCO_REGISTRADO,0.455,medio
Barao de Melgaco,MT,Pantanal,-16.1945,-55.9688,2026-05-22,2026-05,5,4,20.4,78,0.0,10.1,0.6488,0.0,0.0,0.0,SEM_FOCO_REGISTRADO,0.4391,medio
Barao de Melgaco,MT,Pantanal,-16.1945,-55.9688,2026-05-23,2026-05,5,5,21.0,79,0.0,7.9,0.6488,0.0,0.0,0.0,SEM_FOCO_REGISTRADO,0.4241,medio
Barao de Melgaco,MT,Pantanal,-16.1945,-55.9688,2026-05-24,2026-05,5,6,22.6,84,0.0,4.0,0.6488,0.0,0.0,0.0,SEM_FOCO_REGISTRADO,0.3949,baixo
Barao de Melgaco,MT,Pantanal,-16.1945,-55.9688,2026-05-25,2026-05,5,0,24.7,81,0.0,4.5,0.6488,0.0,0.0,0.0,SEM_FOCO_REGISTRADO,0.4201,baixo
Barao de Melgaco,MT,Pantanal,-16.1945,-55.9688,2026-05-26,2026-05,5,1,25.8,75,0.0,8.0,0.6488,0.0,0.0,0.0,SEM_FOCO_REGISTRADO,0.4677,alto
Barao de Melgaco,MT,Pantanal,-16.1945,-55.9688,2026-05-27,2026-05,5,2,25.2,80,0.0,8.6,0.6488,0.0,0.0,0.0,SEM_FOCO_REGISTRADO,0.4581,medio
Barao de Melgaco,MT,Pantanal,-16.1945,-55.9688,2026-05-28,2026-05,5,3,26.3,77,0.1,4.8,0.6488,0.0,0.0,0.0,SEM_FOCO_REGISTRADO,0.4418,medio
Barao de Melgaco,MT,Pantanal,-16.1945,-55.9688,2026-05-29,2026-05,5,4,26.1,75,0.0,4.0,0.6488,0.0,0.0,0.0,SEM_FOCO_REGISTRADO,0.4383,medio
Barao de Melgaco,MT,Pantanal,-16.1945,-55.9688,2026-05-30,2026-05,5,5,26.0,72,0.0,6.2,0.6488,0.0,0.0,0.0,SEM_FOCO_REGISTRADO,0.4609,medio
Barao de Melgaco,MT,Pantanal,-16.1945,-55.9688,2026-05-31,2026-05,5,6,25.6,75,0.0,5.6,0.6488,0.0,0.0,0.0,SEM_FOCO_REGISTRADO,0.4473,medio
Barao de Melgaco,MT,Pantanal,-16.1945,-55.9688,2026-06-01,2026-06,6,0,25.8,72,0.0,5.2,0.6155,0.0,0.0,0.0,SEM_FOCO_REGISTRADO,0.4532,medio
Barao de Melgaco,MT,Pantanal,-16.1945,-55.9688,2026-06-02,2026-06,6,1,25.6,72,0.0,7.0,0.6155,0.0,0.0,0.0,SEM_FOCO_REGISTRADO,0.466,alto
Barao de Melgaco,MT,Pantanal,-16.1945,-55.9688,2026-06-03,2026-06,6,2,24.6,65,0.0,8.4,0.6155,0.0,0.0,0.0,SEM_FOCO_REGISTRADO,0.4838,alto
Barao de Melgaco,MT,Pantanal,-16.1945,-55.9688,2026-06-04,2026-06,6,3,24.4,67,0.0,6.8,0.6155,0.0,0.0,0.0,SEM_FOCO_REGISTRADO,0.4657,alto
Barao de Melgaco,MT,Pantanal,-16.1945,-55.9688,2026-06-05,2026-06,6,4,25.0,65,0.0,8.1,0.6155,2.0,8.44,4.22,NASA_FIRMS,0.5315,alto
Barao de Melgaco,MT,Pantanal,-16.1945,-55.9688,2026-06-06,2026-06,6,5,24.0,67,0.0,5.7,0.6155,0.0,0.0,0.0,SEM_FOCO_REGISTRADO,0.4541,medio
